{"Train Loss": 0.08329379949718714, "Val Loss": -0.22606474113464356, "Test Loss": -0.1584927110671997, "_timestamp": 1721256458.486291, "_runtime": 178384.84465694427, "_step": 832}