{"Train Loss": 1.0184001320600509, "Val Loss": -1.4426030731201172, "Test Loss": -1.0877424087524414, "_timestamp": 1721343146.348915, "_runtime": 1239.0442671775818, "_step": 4}