{"Train Loss": 0.28736376646906137, "Val Loss": -0.2881379075050354, "Test Loss": -0.25778899240493774, "_timestamp": 1721022356.0659425, "_runtime": 75940.43639159203, "_step": 357, "_wandb": {"runtime": 76109}}