{"Train Loss": 0.32475142884999514, "Val Loss": -0.711303316116333, "Test Loss": -0.32709168672561645, "_timestamp": 1721343067.308343, "_runtime": 8695.158296823502, "_step": 36}