{"Train Loss": 0.45941988736391065, "Val Loss": -0.4759345512390137, "Test Loss": -0.510537826538086, "_timestamp": 1721256468.333628, "_runtime": 51789.34352493286, "_step": 232}