{"Train Loss": 0.07803029305581004, "Val Loss": -0.20542864274978637, "Test Loss": -0.18594295820593834, "_timestamp": 1721025249.061637, "_runtime": 79727.6271879673, "_step": 260, "_wandb": {"runtime": 79888}}