{"Train Loss": 0.19014145217835904, "Val Loss": -0.44578538513183597, "Test Loss": -0.21282112884521484, "_timestamp": 1721023072.7095034, "_runtime": 76885.64396548271, "_step": 387, "_wandb": {"runtime": 76901}}