{"Train Loss": 0.14273350102826954, "Val Loss": -0.22194821965694428, "Test Loss": -0.19772157269716262, "_timestamp": 1721022702.7979362, "_runtime": 77750.89341425896, "_step": 486, "_wandb": {"runtime": 77843}}