{"Train Loss": 0.06648820808157324, "Val Loss": -0.20549837970733642, "Test Loss": -0.17181564903259278, "_timestamp": 1721256478.5726507, "_runtime": 178729.527687788, "_step": 902}