{"Train Loss": 1.0310479289293288, "Val Loss": -0.018043912947177887, "Test Loss": -0.01808437705039978, "_timestamp": 1721341795.8039045, "_runtime": 982.2853696346283, "_step": 3, "_wandb": {"runtime": 982}}