{"Train Loss": 0.0996159002976492, "Val Loss": -0.20768109130859375, "Test Loss": -0.18105464220046996, "_timestamp": 1721113181.7586381, "_runtime": 167847.7907590866, "_step": 211, "_wandb": {"runtime": 167888}}