{"Train Loss": 0.24142543181777001, "Val Loss": -0.23041708087921142, "Test Loss": -0.21124677658081054, "_timestamp": 1721161181.2331827, "_runtime": 82276.1490957737, "_step": 385, "_wandb": {"runtime": 82448}}