{"Train Loss": 0.08108542505651713, "Val Loss": -0.2089959306716919, "Test Loss": -0.17117950057983397, "_timestamp": 1721078855.4635415, "_runtime": 53403.06759643555, "_step": 254, "_wandb": {"runtime": 53412}}