{"Train Loss": 0.43250112861394885, "Val Loss": -1.046614616394043, "Test Loss": -0.5056821899414062, "_timestamp": 1721024828.4295835, "_runtime": 1973.2964305877686, "_step": 7, "_wandb": {"runtime": 2100}}