{"Train Loss": 0.0717807298898697, "Val Loss": -0.1775000629425049, "Test Loss": -0.16515331935882568, "_timestamp": 1721341150.6510208, "_runtime": 1763.319795846939, "_step": 289, "_wandb": {"runtime": 1763}}