{"Train Loss": 0.15030479138717057, "Val Loss": -0.20357971668243408, "Test Loss": -0.18467229318618775, "_timestamp": 1720944360.3247864, "_runtime": 44003.9259865284, "_step": 220, "_wandb": {"runtime": 44152}}