{"Train Loss": 0.3182005748152733, "Val Loss": -0.40275226879119874, "Test Loss": -0.34947708129882815, "_timestamp": 1721078524.3216245, "_runtime": 134271.32906842232, "_step": 352, "_wandb": {"runtime": 134320}}