{"Train Loss": 0.4795230388641357, "Val Loss": -0.6650153579711914, "Test Loss": -0.4952745628356934, "_timestamp": 1721077924.8898287, "_runtime": 53135.397080659866, "_step": 334, "_wandb": {"runtime": 53242}}