{"Train Loss": 0.019412956235464664, "Val Loss": -0.19869785022735595, "Test Loss": -0.16385768604278564, "_timestamp": 1721076630.6435745, "_runtime": 52492.48833155632, "_step": 301, "_wandb": {"runtime": 52499}}