{"Train Loss": 0.06306299878284335, "Val Loss": -0.22157461261749267, "Test Loss": -0.1931921100616455, "_timestamp": 1721234734.3951643, "_runtime": 209719.60283136368, "_step": 929, "_wandb": {"runtime": 209719}}