{"Train Loss": 0.4345193740725517, "Val Loss": -0.8108008270263671, "Test Loss": -0.4946684265136719, "_timestamp": 1721024032.3177838, "_runtime": 1397.471641778946, "_step": 7, "_wandb": {"runtime": 1518}}